{
  "buildCommand": "npm run build",
  "outputDirectory": "frontend/cortex-workspace-frontend/dist",
  "installCommand": "cd frontend/cortex-workspace-frontend && npm install",
  "framework": "vite",
  "rewrites": [
    {
      "source": "/api/(.*)",
      "destination": "http://172.17.14.59:8000/api/$1"
    }
  ],
  "headers": [
    {
      "source": "/(.*)",
      "headers": [
        {
          "key": "Access-Control-Allow-Origin",
          "value": "*"
        },
        {
          "key": "Access-Control-Allow-Methods",
          "value": "GET, POST, PUT, DELETE, OPTIONS"
        },
        {
          "key": "Access-Control-Allow-Headers",
          "value": "Content-Type, Authorization"
        }
      ]
    }
  ],
  "cleanUrls": true,
  "trailingSlash": false
}